{"cameraMode":{"drawMode":0,"name":"Shaded","section":"Shading Mode"},"sceneLighting":true,"audioPlay":false,"sceneViewState":{"m_AlwaysRefresh":false,"showFog":true,"showSkybox":true,"showFlares":true,"showImageEffects":true,"showParticleSystems":true,"showVisualEffectGraphs":true,"m_FxEnabled":true},"in2DMode":false,"pivot":{"x":2.8941526412963869,"y":21.0831241607666,"z":1.0721701383590699},"rotation":{"x":0.06831754744052887,"y":0.17908994853496552,"z":-0.012460713274776936,"w":0.9813886284828186},"size":25.418914794921876,"orthographic":false}