{"cameraMode":{"drawMode":0,"name":"Shaded","section":"Shading Mode"},"sceneLighting":true,"audioPlay":false,"sceneViewState":{"m_AlwaysRefresh":false,"showFog":true,"showSkybox":true,"showFlares":true,"showImageEffects":true,"showParticleSystems":true,"showVisualEffectGraphs":true,"m_FxEnabled":true},"in2DMode":false,"pivot":{"x":4.565025329589844,"y":18.244401931762697,"z":0.8198021650314331},"rotation":{"x":0.05446501076221466,"y":-0.017473338171839715,"z":0.0009582931525073946,"w":0.9983717799186707},"size":11.633946418762207,"orthographic":false}