{"cameraMode":{"drawMode":0,"name":"Shaded","section":"Shading Mode"},"sceneLighting":true,"audioPlay":false,"sceneViewState":{"m_AlwaysRefresh":false,"showFog":true,"showSkybox":true,"showFlares":true,"showImageEffects":true,"showParticleSystems":true,"showVisualEffectGraphs":true,"m_FxEnabled":true},"in2DMode":false,"pivot":{"x":-1.4448505640029908,"y":-2.0862255096435549,"z":-3.2645111083984377},"rotation":{"x":0.2912023067474365,"y":0.010044806636869908,"z":-0.0030575664713978769,"w":0.9566044807434082},"size":27.276710510253908,"orthographic":false}