{"cameraMode":{"drawMode":0,"name":"Shaded","section":"Shading Mode"},"sceneLighting":true,"audioPlay":false,"sceneViewState":{"m_AlwaysRefresh":false,"showFog":true,"showSkybox":true,"showFlares":true,"showImageEffects":true,"showParticleSystems":true,"showVisualEffectGraphs":true,"m_FxEnabled":true},"in2DMode":false,"pivot":{"x":4.611955165863037,"y":14.354114532470704,"z":4.440614700317383},"rotation":{"x":0.05727504566311836,"y":-0.08177120238542557,"z":0.004714788403362036,"w":0.9950062036514282},"size":21.54688835144043,"orthographic":false}