{"cameraMode":{"drawMode":0,"name":"Shaded","section":"Shading Mode"},"sceneLighting":true,"audioPlay":false,"sceneViewState":{"m_AlwaysRefresh":false,"showFog":true,"showSkybox":true,"showFlares":true,"showImageEffects":true,"showParticleSystems":true,"showVisualEffectGraphs":true,"m_FxEnabled":true},"in2DMode":false,"pivot":{"x":-11.013257026672364,"y":2.1513924598693849,"z":0.4259681701660156},"rotation":{"x":0.05727504566311836,"y":-0.08177120238542557,"z":0.004714788403362036,"w":0.9950062036514282},"size":12.726696014404297,"orthographic":false}