{"cameraMode":{"drawMode":0,"name":"Shaded","section":"Shading Mode"},"sceneLighting":true,"audioPlay":false,"sceneViewState":{"m_AlwaysRefresh":false,"showFog":true,"showSkybox":true,"showFlares":true,"showImageEffects":true,"showParticleSystems":true,"showVisualEffectGraphs":true,"m_FxEnabled":true},"in2DMode":false,"pivot":{"x":-7.272666931152344,"y":3.435267925262451,"z":-0.6929607391357422},"rotation":{"x":0.051037367433309558,"y":0.1304541677236557,"z":-0.006718205288052559,"w":0.9901275634765625},"size":11.046990394592286,"orthographic":false}