{"cameraMode":{"drawMode":0,"name":"Shaded","section":"Shading Mode"},"sceneLighting":true,"audioPlay":false,"sceneViewState":{"m_AlwaysRefresh":false,"showFog":true,"showSkybox":true,"showFlares":true,"showImageEffects":true,"showParticleSystems":true,"showVisualEffectGraphs":true,"m_FxEnabled":true},"in2DMode":false,"pivot":{"x":2.8941526412963869,"y":21.0831241607666,"z":1.0721701383590699},"rotation":{"x":0.05446501076221466,"y":-0.017473338171839715,"z":0.0009582931525073946,"w":0.9983717799186707},"size":14.207452774047852,"orthographic":false}