{"cameraMode":{"drawMode":0,"name":"Shaded","section":"Shading Mode"},"sceneLighting":true,"audioPlay":false,"sceneViewState":{"m_AlwaysRefresh":false,"showFog":true,"showSkybox":true,"showFlares":true,"showImageEffects":true,"showParticleSystems":true,"showVisualEffectGraphs":true,"m_FxEnabled":true},"in2DMode":false,"pivot":{"x":-0.5148870348930359,"y":10.498319625854493,"z":2.077451705932617},"rotation":{"x":0.03498546779155731,"y":-0.02048669382929802,"z":0.0007147652795538306,"w":0.9991862177848816},"size":10.519669532775879,"orthographic":false}